[{"pk": 1, "model": "avocado.datafield", "fields": {"app_name": "brp_demo", "label_field_name": "", "code_field_name": "", "keywords": "", "unit_plural": "", "unit": "", "description": "", "category": null, "archived": false, "group": null, "field_name": "ethnicity", "sites": [], "data_version": 1, "internal": false, "type": "", "indexable": true, "translator": null, "order_field_name": "", "enumerable": true, "search_field_name": "", "name": "Ethnicity", "created": "2015-09-17T11:56:39.918", "modified": "2015-09-17T12:00:34.656", "order": null, "name_plural": "", "published": true, "model_name": "subject"}}, {"pk": 2, "model": "avocado.datafield", "fields": {"app_name": "brp_demo", "label_field_name": "", "code_field_name": "", "keywords": "", "unit_plural": "", "unit": "", "description": "", "category": null, "archived": false, "group": null, "field_name": "race", "sites": [], "data_version": 1, "internal": false, "type": "", "indexable": true, "translator": null, "order_field_name": "", "enumerable": true, "search_field_name": "", "name": "Race", "created": "2015-09-17T11:58:00.007", "modified": "2015-09-17T12:00:14.594", "order": null, "name_plural": "", "published": true, "model_name": "subject"}}, {"pk": 3, "model": "avocado.datafield", "fields": {"app_name": "brp_demo", "label_field_name": "", "code_field_name": "", "keywords": "", "unit_plural": "", "unit": "", "description": "", "category": null, "archived": false, "group": null, "field_name": "sex", "sites": [], "data_version": 1, "internal": false, "type": "", "indexable": true, "translator": null, "order_field_name": "", "enumerable": true, "search_field_name": "", "name": "Sex", "created": "2015-09-17T11:59:30.392", "modified": "2015-09-17T11:59:30.392", "order": null, "name_plural": "", "published": true, "model_name": "subject"}}, {"pk": 4, "model": "avocado.datafield", "fields": {"app_name": "brp_demo", "label_field_name": "", "code_field_name": "", "keywords": "", "unit_plural": "", "unit": "", "description": "", "category": null, "archived": false, "group": null, "field_name": "given_birth", "sites": [], "data_version": 1, "internal": false, "type": "", "indexable": true, "translator": null, "order_field_name": "", "enumerable": true, "search_field_name": "", "name": "Given Birth", "created": "2015-09-17T12:17:13.820", "modified": "2015-09-17T12:17:13.820", "order": null, "name_plural": "", "published": true, "model_name": "subject"}}, {"pk": 5, "model": "avocado.datafield", "fields": {"app_name": "brp_demo", "label_field_name": "", "code_field_name": "", "keywords": "", "unit_plural": "", "unit": "", "description": "", "category": null, "archived": false, "group": null, "field_name": "num_children", "sites": [], "data_version": 1, "internal": false, "type": "", "indexable": true, "translator": null, "order_field_name": "", "enumerable": false, "search_field_name": "", "name": "Number of Children", "created": "2015-09-17T12:18:17.124", "modified": "2015-09-17T12:18:17.124", "order": null, "name_plural": "", "published": true, "model_name": "subject"}}, {"pk": 6, "model": "avocado.datafield", "fields": {"app_name": "brp_demo", "label_field_name": "", "code_field_name": "", "keywords": "", "unit_plural": "", "unit": "", "description": "", "category": null, "archived": false, "group": null, "field_name": "height", "sites": [], "data_version": 1, "internal": false, "type": "", "indexable": true, "translator": null, "order_field_name": "", "enumerable": false, "search_field_name": "", "name": "Height", "created": "2015-09-17T12:20:33.342", "modified": "2015-09-17T12:20:33.343", "order": null, "name_plural": "", "published": true, "model_name": "visit"}}, {"pk": 7, "model": "avocado.datafield", "fields": {"app_name": "brp_demo", "label_field_name": "", "code_field_name": "", "keywords": "", "unit_plural": "", "unit": "", "description": "", "category": null, "archived": false, "group": null, "field_name": "weight", "sites": [], "data_version": 1, "internal": false, "type": "", "indexable": true, "translator": null, "order_field_name": "2.0", "enumerable": false, "search_field_name": "", "name": "Weight", "created": "2015-09-17T12:21:16.463", "modified": "2015-09-17T12:21:16.463", "order": null, "name_plural": "", "published": true, "model_name": "visit"}}, {"pk": 8, "model": "avocado.datafield", "fields": {"app_name": "brp_demo", "label_field_name": "", "code_field_name": "", "keywords": "", "unit_plural": "", "unit": "", "description": "", "category": null, "archived": false, "group": null, "field_name": "prealbumin", "sites": [], "data_version": 1, "internal": false, "type": "", "indexable": true, "translator": null, "order_field_name": "", "enumerable": false, "search_field_name": "", "name": "Serum Prealbumin", "created": "2015-09-17T12:23:35.161", "modified": "2015-09-17T12:23:35.161", "order": null, "name_plural": "", "published": true, "model_name": "visit"}}, {"pk": 9, "model": "avocado.datafield", "fields": {"app_name": "brp_demo", "label_field_name": "", "code_field_name": "", "keywords": "", "unit_plural": "", "unit": "", "description": "", "category": null, "archived": false, "group": null, "field_name": "visit_type", "sites": [], "data_version": 1, "internal": false, "type": "", "indexable": true, "translator": null, "order_field_name": "", "enumerable": false, "search_field_name": "", "name": "Visit Type", "created": "2015-09-17T12:24:41.169", "modified": "2015-09-17T12:24:41.169", "order": null, "name_plural": "", "published": true, "model_name": "visit"}}, {"pk": 10, "model": "avocado.datafield", "fields": {"app_name": "brp_demo", "label_field_name": "", "code_field_name": "", "keywords": "", "unit_plural": "", "unit": "", "description": "", "category": null, "archived": false, "group": null, "field_name": "creatine", "sites": [], "data_version": 1, "internal": false, "type": "", "indexable": true, "translator": null, "order_field_name": "", "enumerable": false, "search_field_name": "", "name": "Creatinine", "created": "2015-09-17T12:27:16.624", "modified": "2015-09-17T12:30:20.837", "order": null, "name_plural": "", "published": true, "model_name": "visit"}}, {"pk": 11, "model": "avocado.datafield", "fields": {"app_name": "brp_demo", "label_field_name": "", "code_field_name": "", "keywords": "", "unit_plural": "", "unit": "", "description": "", "category": null, "archived": false, "group": null, "field_name": "total_chol", "sites": [], "data_version": 1, "internal": false, "type": "", "indexable": true, "translator": null, "order_field_name": "", "enumerable": false, "search_field_name": "", "name": "Total Cholesterol", "created": "2015-09-17T12:28:35.425", "modified": "2015-09-17T12:28:35.425", "order": null, "name_plural": "", "published": true, "model_name": "visit"}}, {"pk": 12, "model": "avocado.datafield", "fields": {"app_name": "brp_demo", "label_field_name": "", "code_field_name": "", "keywords": "", "unit_plural": "", "unit": "", "description": "Transferrin (mg/dL)", "category": null, "archived": false, "group": null, "field_name": "transferrin", "sites": [], "data_version": 1, "internal": false, "type": "", "indexable": true, "translator": null, "order_field_name": "", "enumerable": false, "search_field_name": "", "name": "Transferrin", "created": "2015-09-17T12:30:51.051", "modified": "2015-09-17T12:30:51.051", "order": null, "name_plural": "", "published": true, "model_name": "visit"}}, {"pk": 13, "model": "avocado.datafield", "fields": {"app_name": "brp_demo", "label_field_name": "", "code_field_name": "", "keywords": "", "unit_plural": "", "unit": "", "description": "", "category": null, "archived": false, "group": null, "field_name": "ibd_flag", "sites": [], "data_version": 1, "internal": false, "type": "", "indexable": true, "translator": null, "order_field_name": "", "enumerable": false, "search_field_name": "", "name": "IBD Diagnosis at Visit", "created": "2015-09-17T12:32:30.853", "modified": "2015-09-17T12:32:30.853", "order": null, "name_plural": "", "published": true, "model_name": "visit"}}, {"pk": 14, "model": "avocado.datafield", "fields": {"app_name": "brp_demo", "label_field_name": "", "code_field_name": "", "keywords": "", "unit_plural": "", "unit": "", "description": "", "category": null, "archived": false, "group": null, "field_name": "meal_type", "sites": [], "data_version": 1, "internal": false, "type": "", "indexable": true, "translator": null, "order_field_name": "", "enumerable": true, "search_field_name": "", "name": "Meal Type", "created": "2015-09-17T13:12:16.821", "modified": "2015-09-17T13:12:30.743", "order": null, "name_plural": "", "published": true, "model_name": "meal"}}, {"pk": 15, "model": "avocado.datafield", "fields": {"app_name": "brp_demo", "label_field_name": "", "code_field_name": "", "keywords": "", "unit_plural": "", "unit": "", "description": "", "category": null, "archived": false, "group": null, "field_name": "meal_description", "sites": [], "data_version": 1, "internal": false, "type": "", "indexable": true, "translator": null, "order_field_name": "", "enumerable": true, "search_field_name": "", "name": "Meal Description", "created": "2015-09-17T13:13:58.578", "modified": "2015-09-17T13:13:58.578", "order": null, "name_plural": "", "published": true, "model_name": "meal"}}, {"pk": 16, "model": "avocado.datafield", "fields": {"app_name": "brp_demo", "label_field_name": "", "code_field_name": "", "keywords": "", "unit_plural": "", "unit": "", "description": "", "category": null, "archived": false, "group": null, "field_name": "healthy", "sites": [], "data_version": 1, "internal": false, "type": "", "indexable": true, "translator": null, "order_field_name": "", "enumerable": false, "search_field_name": "", "name": "Healthy", "created": "2015-09-17T13:14:31.328", "modified": "2015-09-17T13:14:31.328", "order": null, "name_plural": "", "published": true, "model_name": "meal"}}, {"pk": 17, "model": "avocado.datafield", "fields": {"app_name": "brp_demo", "label_field_name": "", "code_field_name": "", "keywords": "", "unit_plural": "", "unit": "", "description": "", "category": null, "archived": false, "group": null, "field_name": "med_type", "sites": [], "data_version": 1, "internal": false, "type": "", "indexable": true, "translator": null, "order_field_name": "", "enumerable": true, "search_field_name": "", "name": "Medication Type", "created": "2015-09-17T13:16:24.705", "modified": "2015-09-17T13:18:33.779", "order": null, "name_plural": "", "published": true, "model_name": "medication"}}, {"pk": 1, "model": "avocado.dataconcept", "fields": {"category": 1, "archived": false, "ident": "", "group": null, "name": "Ethnicity", "created": "2015-09-17T11:57:03.267", "indexable": true, "modified": "2015-09-17T12:01:02.633", "formatter_name": "Default", "queryable": true, "sites": [], "internal": false, "name_plural": "", "published": true, "keywords": "", "sortable": true, "type": "", "order": 2.0, "viewable": true, "description": ""}}, {"pk": 2, "model": "avocado.dataconcept", "fields": {"category": 1, "archived": false, "ident": "", "group": null, "name": "Race", "created": "2015-09-17T11:58:06.742", "indexable": true, "modified": "2015-09-17T12:01:02.640", "formatter_name": "Default", "queryable": true, "sites": [], "internal": false, "name_plural": "", "published": true, "keywords": "", "sortable": true, "type": "", "order": 1.0, "viewable": true, "description": ""}}, {"pk": 3, "model": "avocado.dataconcept", "fields": {"category": 1, "archived": false, "ident": "", "group": null, "name": "Sex", "created": "2015-09-17T11:59:35.876", "indexable": true, "modified": "2015-09-17T11:59:35.876", "formatter_name": "Default", "queryable": true, "sites": [], "internal": false, "name_plural": "", "published": true, "keywords": "", "sortable": true, "type": "", "order": 3.0, "viewable": true, "description": ""}}, {"pk": 4, "model": "avocado.dataconcept", "fields": {"category": 1, "archived": false, "ident": "", "group": null, "name": "Given Birth", "created": "2015-09-17T12:17:20.774", "indexable": true, "modified": "2015-09-17T12:17:20.774", "formatter_name": null, "queryable": true, "sites": [], "internal": false, "name_plural": "", "published": true, "keywords": "", "sortable": true, "type": "", "order": 4.0, "viewable": true, "description": ""}}, {"pk": 5, "model": "avocado.dataconcept", "fields": {"category": 1, "archived": false, "ident": "", "group": null, "name": "Number of Children", "created": "2015-09-17T12:18:19.242", "indexable": true, "modified": "2015-09-17T12:18:19.242", "formatter_name": null, "queryable": true, "sites": [], "internal": false, "name_plural": "", "published": true, "keywords": "", "sortable": true, "type": "", "order": 5.0, "viewable": true, "description": ""}}, {"pk": 6, "model": "avocado.dataconcept", "fields": {"category": 2, "archived": false, "ident": "", "group": null, "name": "Height", "created": "2015-09-17T12:20:06.737", "indexable": true, "modified": "2015-09-17T12:20:39.176", "formatter_name": null, "queryable": true, "sites": [], "internal": false, "name_plural": "", "published": true, "keywords": "", "sortable": true, "type": "", "order": 1.0, "viewable": true, "description": ""}}, {"pk": 7, "model": "avocado.dataconcept", "fields": {"category": 2, "archived": false, "ident": "", "group": null, "name": "Weight", "created": "2015-09-17T12:21:24.000", "indexable": true, "modified": "2015-09-17T12:21:24.000", "formatter_name": null, "queryable": true, "sites": [], "internal": false, "name_plural": "", "published": true, "keywords": "", "sortable": true, "type": "", "order": 2.0, "viewable": true, "description": ""}}, {"pk": 8, "model": "avocado.dataconcept", "fields": {"category": 2, "archived": false, "ident": "", "group": null, "name": "Serum Prealbumin", "created": "2015-09-17T12:23:37.849", "indexable": true, "modified": "2015-09-17T12:25:57.049", "formatter_name": null, "queryable": true, "sites": [], "internal": false, "name_plural": "", "published": true, "keywords": "", "sortable": true, "type": "", "order": 2.0, "viewable": true, "description": "Serum Prealbumin (mg/dL)"}}, {"pk": 9, "model": "avocado.dataconcept", "fields": {"category": 2, "archived": false, "ident": "", "group": null, "name": "Creatinine", "created": "2015-09-17T12:27:22.150", "indexable": true, "modified": "2015-09-17T12:29:53.902", "formatter_name": null, "queryable": true, "sites": [], "internal": false, "name_plural": "", "published": true, "keywords": "", "sortable": true, "type": "", "order": 4.0, "viewable": true, "description": "Creatinine (mg/dL)"}}, {"pk": 10, "model": "avocado.dataconcept", "fields": {"category": 2, "archived": false, "ident": "", "group": null, "name": "Total Cholesterol", "created": "2015-09-17T12:28:39.491", "indexable": true, "modified": "2015-09-17T12:30:09.016", "formatter_name": null, "queryable": true, "sites": [], "internal": false, "name_plural": "", "published": true, "keywords": "", "sortable": true, "type": "", "order": 5.0, "viewable": true, "description": "Total Cholesterol (mg/dL)"}}, {"pk": 11, "model": "avocado.dataconcept", "fields": {"category": 2, "archived": false, "ident": "", "group": null, "name": "Transferrin", "created": "2015-09-17T12:31:27.804", "indexable": true, "modified": "2015-09-17T12:31:27.804", "formatter_name": null, "queryable": true, "sites": [], "internal": false, "name_plural": "", "published": true, "keywords": "", "sortable": true, "type": "", "order": 6.0, "viewable": true, "description": ""}}, {"pk": 12, "model": "avocado.dataconcept", "fields": {"category": 2, "archived": false, "ident": "", "group": null, "name": "IBD Diagnosis", "created": "2015-09-17T12:32:33.445", "indexable": true, "modified": "2015-09-17T12:32:50.304", "formatter_name": null, "queryable": true, "sites": [], "internal": false, "name_plural": "", "published": true, "keywords": "", "sortable": true, "type": "", "order": 7.0, "viewable": true, "description": ""}}, {"pk": 13, "model": "avocado.dataconcept", "fields": {"category": 3, "archived": false, "ident": "", "group": null, "name": "Meal Type", "created": "2015-09-17T13:12:20.602", "indexable": true, "modified": "2015-09-17T13:12:20.602", "formatter_name": null, "queryable": true, "sites": [], "internal": false, "name_plural": "", "published": true, "keywords": "", "sortable": true, "type": "", "order": 1.0, "viewable": true, "description": ""}}, {"pk": 14, "model": "avocado.dataconcept", "fields": {"category": 3, "archived": false, "ident": "", "group": null, "name": "Meal Description", "created": "2015-09-17T13:14:04.425", "indexable": true, "modified": "2015-09-17T13:14:04.425", "formatter_name": null, "queryable": true, "sites": [], "internal": false, "name_plural": "", "published": true, "keywords": "", "sortable": true, "type": "", "order": 2.0, "viewable": true, "description": ""}}, {"pk": 15, "model": "avocado.dataconcept", "fields": {"category": 3, "archived": false, "ident": "", "group": null, "name": "Healthy", "created": "2015-09-17T13:14:33.639", "indexable": true, "modified": "2015-09-17T13:14:33.639", "formatter_name": null, "queryable": true, "sites": [], "internal": false, "name_plural": "", "published": true, "keywords": "", "sortable": true, "type": "", "order": 3.0, "viewable": true, "description": ""}}, {"pk": 16, "model": "avocado.dataconcept", "fields": {"category": 4, "archived": false, "ident": "", "group": null, "name": "Medication Type", "created": "2015-09-17T13:16:27.685", "indexable": true, "modified": "2015-09-17T13:18:16.163", "formatter_name": null, "queryable": true, "sites": [], "internal": false, "name_plural": "", "published": true, "keywords": "", "sortable": true, "type": "", "order": 1.0, "viewable": true, "description": ""}}, {"pk": 1, "model": "avocado.dataconceptfield", "fields": {"concept": 1, "name": "", "created": "2015-09-17T11:57:03.280", "modified": "2015-09-17T11:58:14.447", "field": 1, "name_plural": "", "order": 1.0}}, {"pk": 2, "model": "avocado.dataconceptfield", "fields": {"concept": 2, "name": "", "created": "2015-09-17T11:58:06.745", "modified": "2015-09-17T11:58:06.745", "field": 2, "name_plural": "", "order": 2.0}}, {"pk": 3, "model": "avocado.dataconceptfield", "fields": {"concept": 3, "name": "", "created": "2015-09-17T11:59:35.879", "modified": "2015-09-17T11:59:35.879", "field": 3, "name_plural": "", "order": null}}, {"pk": 4, "model": "avocado.dataconceptfield", "fields": {"concept": 4, "name": "", "created": "2015-09-17T12:17:20.778", "modified": "2015-09-17T12:17:20.778", "field": 4, "name_plural": "", "order": null}}, {"pk": 5, "model": "avocado.dataconceptfield", "fields": {"concept": 5, "name": "", "created": "2015-09-17T12:18:19.248", "modified": "2015-09-17T12:18:19.248", "field": 5, "name_plural": "", "order": null}}, {"pk": 6, "model": "avocado.dataconceptfield", "fields": {"concept": 6, "name": "", "created": "2015-09-17T12:20:39.179", "modified": "2015-09-17T12:20:39.179", "field": 6, "name_plural": "", "order": null}}, {"pk": 7, "model": "avocado.dataconceptfield", "fields": {"concept": 7, "name": "", "created": "2015-09-17T12:21:24.002", "modified": "2015-09-17T12:21:24.002", "field": 7, "name_plural": "", "order": null}}, {"pk": 8, "model": "avocado.dataconceptfield", "fields": {"concept": 8, "name": "", "created": "2015-09-17T12:23:37.852", "modified": "2015-09-17T12:24:49.631", "field": 8, "name_plural": "", "order": 2.0}}, {"pk": 10, "model": "avocado.dataconceptfield", "fields": {"concept": 9, "name": "", "created": "2015-09-17T12:27:22.153", "modified": "2015-09-17T12:27:22.153", "field": 10, "name_plural": "", "order": null}}, {"pk": 11, "model": "avocado.dataconceptfield", "fields": {"concept": 10, "name": "", "created": "2015-09-17T12:28:39.498", "modified": "2015-09-17T12:28:39.498", "field": 11, "name_plural": "", "order": null}}, {"pk": 12, "model": "avocado.dataconceptfield", "fields": {"concept": 11, "name": "", "created": "2015-09-17T12:31:27.809", "modified": "2015-09-17T12:31:27.809", "field": 12, "name_plural": "", "order": null}}, {"pk": 13, "model": "avocado.dataconceptfield", "fields": {"concept": 12, "name": "", "created": "2015-09-17T12:32:33.447", "modified": "2015-09-17T12:32:33.447", "field": 13, "name_plural": "", "order": null}}, {"pk": 14, "model": "avocado.dataconceptfield", "fields": {"concept": 13, "name": "", "created": "2015-09-17T13:12:20.605", "modified": "2015-09-17T13:12:20.605", "field": 14, "name_plural": "", "order": null}}, {"pk": 15, "model": "avocado.dataconceptfield", "fields": {"concept": 14, "name": "", "created": "2015-09-17T13:14:04.431", "modified": "2015-09-17T13:14:04.431", "field": 15, "name_plural": "", "order": null}}, {"pk": 16, "model": "avocado.dataconceptfield", "fields": {"concept": 15, "name": "", "created": "2015-09-17T13:14:33.644", "modified": "2015-09-17T13:14:33.644", "field": 16, "name_plural": "", "order": null}}, {"pk": 18, "model": "avocado.dataconceptfield", "fields": {"concept": 16, "name": "", "created": "2015-09-17T13:16:27.689", "modified": "2015-09-17T13:16:27.689", "field": 17, "name_plural": "", "order": null}}, {"pk": 1, "model": "avocado.datacategory", "fields": {"archived": false, "name": "Demographics", "parent": null, "created": "2015-09-17T11:55:53.006", "modified": "2015-09-17T11:55:53.006", "published": true, "keywords": "", "order": 1.0, "description": ""}}, {"pk": 2, "model": "avocado.datacategory", "fields": {"archived": false, "name": "Base Vitals at Visit", "parent": null, "created": "2015-09-17T12:19:52.747", "modified": "2015-09-17T12:33:08.378", "published": true, "keywords": "", "order": 2.0, "description": "Base Vitals collected at a visit"}}, {"pk": 3, "model": "avocado.datacategory", "fields": {"archived": false, "name": "Meal Data at Visit", "parent": null, "created": "2015-09-17T13:11:29.459", "modified": "2015-09-17T13:11:36.542", "published": true, "keywords": "", "order": 3.0, "description": ""}}, {"pk": 4, "model": "avocado.datacategory", "fields": {"archived": false, "name": "Medication at Visit", "parent": null, "created": "2015-09-17T13:15:13.594", "modified": "2015-09-17T13:15:13.594", "published": true, "keywords": "", "order": 4.0, "description": ""}}]